StrategyCombo,BuyOperator,SellOperator,BestParams,TrainPerformance,FinalPortfolioValue,NumberOfTrades,StrategyType,Symbol
['moving_average_crossover'],,,"{'strategy_params': {'short_window': 10, 'long_window': 200}, 'meta_params': {'penalty_factor': 0.0, 'min_holding_period': 10, 'sharpe_ratio_weight': 0.0}}",2.617328735681215,36173.28735681215,319,single,BTC/USD
['rsi'],,,"{'strategy_params': {'period': 7, 'buy_threshold': 35, 'sell_threshold': 65}, 'meta_params': {'penalty_factor': 0.0, 'min_holding_period': 0, 'sharpe_ratio_weight': 1.0}}",0.0009029080283847385,216.3524059418321,2931,single,BTC/USD
['bollinger_bands'],,,"{'strategy_params': {'period': 20, 'std_dev': 2}, 'meta_params': {'penalty_factor': 0.0, 'min_holding_period': 0, 'sharpe_ratio_weight': 1.0}}",-0.0008953578335773715,1078.5399506967926,814,single,BTC/USD
['macd'],,,"{'strategy_params': {'fast_period': 20, 'slow_period': 26, 'signal_period': 12}, 'meta_params': {'penalty_factor': 0.0, 'min_holding_period': 5, 'sharpe_ratio_weight': 0.0}}",6.171448976886153,71714.48976886153,1576,single,BTC/USD
['high_low_breakout'],,,"{'strategy_params': {'lookback': 48}, 'meta_params': {'penalty_factor': 0.0, 'min_holding_period': 5, 'sharpe_ratio_weight': 0.0}}",2.7511869622335836,37511.869622335835,433,single,BTC/USD
['volume_price_action'],,,"{'strategy_params': {'volume_multiplier': 2.0}, 'meta_params': {'penalty_factor': 0.0, 'min_holding_period': 0, 'sharpe_ratio_weight': 1.0}}",0.004094279612042749,4370.394803570473,835,single,BTC/USD
['vwap_zone'],,,"{'strategy_params': {'rsi_period': 14, 'rsi_lower': 50, 'rsi_upper': 55}, 'meta_params': {'penalty_factor': 0.0, 'min_holding_period': 0, 'sharpe_ratio_weight': 1.0}}",-0.0015734664106535519,1929.8776098827784,45,single,BTC/USD
['zscore_mean_reversion'],,,"{'strategy_params': {'zscore_window': 20, 'zscore_threshold': 2}, 'meta_params': {'penalty_factor': 0.0, 'min_holding_period': 0, 'sharpe_ratio_weight': 1.0}}",-0.0008953578335773715,1078.5399506967926,814,single,BTC/USD
"['moving_average_crossover', 'rsi']",AND,OR,"{'Strategies': {'moving_average_crossover': {'short_window': 10, 'long_window': 200}, 'rsi': {'period': 7, 'buy_threshold': 35, 'sell_threshold': 65}}, 'Meta': {'penalty_factor': 0.0, 'min_holding_period': 0, 'sharpe_ratio_weight': 1.0}}",0.0004329926741775125,612.920375539845,1754,combo,BTC/USD
"['moving_average_crossover', 'rsi']",OR,AND,"{'Strategies': {'moving_average_crossover': {'short_window': 5, 'long_window': 100}, 'rsi': {'period': 14, 'buy_threshold': 30, 'sell_threshold': 75}}, 'Meta': {'penalty_factor': 0.0, 'min_holding_period': 10, 'sharpe_ratio_weight': 0.0}}",6.351974964141846,73519.7475922928,267,combo,BTC/USD
"['macd', 'bollinger_bands']",AND,OR,"{'Strategies': {'macd': {'fast_period': 12, 'slow_period': 26, 'signal_period': 12}, 'bollinger_bands': {'period': 14, 'std_dev': 3}}, 'Meta': {'penalty_factor': 0.0, 'min_holding_period': 0, 'sharpe_ratio_weight': 1.0}}",0.0054288809187710285,4448.236772190446,1200,combo,BTC/USD
"['macd', 'bollinger_bands']",OR,AND,"{'Strategies': {'macd': {'fast_period': 20, 'slow_period': 26, 'signal_period': 12}, 'bollinger_bands': {'period': 14, 'std_dev': 2.5}}, 'Meta': {'penalty_factor': 0.0, 'min_holding_period': 10, 'sharpe_ratio_weight': 0.0}}",5.076110363006592,60761.10410069613,719,combo,BTC/USD
"['rsi', 'zscore_mean_reversion']",AND,AND,"{'Strategies': {'rsi': {'period': 7, 'buy_threshold': 35, 'sell_threshold': 65}, 'zscore_mean_reversion': {'zscore_window': 20, 'zscore_threshold': 2}}, 'Meta': {'penalty_factor': 0.0, 'min_holding_period': 0, 'sharpe_ratio_weight': 1.0}}",-0.0005203727050684392,1202.5714470025798,812,combo,BTC/USD
"['rsi', 'zscore_mean_reversion']",OR,OR,"{'Strategies': {'rsi': {'period': 7, 'buy_threshold': 35, 'sell_threshold': 70}, 'zscore_mean_reversion': {'zscore_window': 30, 'zscore_threshold': 2}}, 'Meta': {'penalty_factor': 0.0, 'min_holding_period': 0, 'sharpe_ratio_weight': 1.0}}",7.120741793187335e-05,664.1810100167919,1573,combo,BTC/USD
"['high_low_breakout', 'volume_price_action']",AND,AND,"{'Strategies': {'high_low_breakout': {'lookback': 48}, 'volume_price_action': {'volume_multiplier': 2.0}}, 'Meta': {'penalty_factor': 0.0, 'min_holding_period': 5, 'sharpe_ratio_weight': 0.0}}",2.482174873352051,34821.747555629845,315,combo,BTC/USD
"['high_low_breakout', 'volume_price_action']",OR,OR,"{'Strategies': {'high_low_breakout': {'lookback': 48}, 'volume_price_action': {'volume_multiplier': 1.5}}, 'Meta': {'penalty_factor': 0.0, 'min_holding_period': 0, 'sharpe_ratio_weight': 1.0}}",0.003980583045631647,3117.0060624582366,1142,combo,BTC/USD
"['vwap_zone', 'rsi']",AND,AND,"{'Strategies': {'vwap_zone': {'rsi_period': 14, 'rsi_lower': 50, 'rsi_upper': 55}, 'rsi': {'period': 14, 'buy_threshold': 30, 'sell_threshold': 65}}, 'Meta': {'penalty_factor': 0.0, 'min_holding_period': 0, 'sharpe_ratio_weight': 1.0}}",-0.0013593205949291587,2075.9599388299525,33,combo,BTC/USD
"['vwap_zone', 'rsi']",OR,OR,"{'Strategies': {'vwap_zone': {'rsi_period': 14, 'rsi_lower': 50, 'rsi_upper': 55}, 'rsi': {'period': 7, 'buy_threshold': 35, 'sell_threshold': 70}}, 'Meta': {'penalty_factor': 0.0, 'min_holding_period': 0, 'sharpe_ratio_weight': 1.0}}",-0.0038070431910455227,480.03652433113473,797,combo,BTC/USD
"['moving_average_crossover', 'rsi', 'bollinger_bands']",AND,OR,"{'Strategies': {'moving_average_crossover': {'short_window': 5, 'long_window': 200}, 'rsi': {'period': 14, 'buy_threshold': 35, 'sell_threshold': 75}, 'bollinger_bands': {'period': 20, 'std_dev': 2}}, 'Meta': {'penalty_factor': 0.0, 'min_holding_period': 0, 'sharpe_ratio_weight': 1.0}}",-0.003648445475846529,596.7242901157089,620,combo,BTC/USD
"['macd', 'high_low_breakout', 'volume_price_action']",OR,AND,"{'Strategies': {'macd': {'fast_period': 12, 'slow_period': 26, 'signal_period': 12}, 'high_low_breakout': {'lookback': 48}, 'volume_price_action': {'volume_multiplier': 2.5}}, 'Meta': {'penalty_factor': 0.0, 'min_holding_period': 5, 'sharpe_ratio_weight': 0.0}}",21.271690368652344,222716.91240702927,607,combo,BTC/USD
"['zscore_mean_reversion', 'rsi', 'vwap_zone']",AND,AND,"{'Strategies': {'zscore_mean_reversion': {'zscore_window': 14, 'zscore_threshold': 3}, 'rsi': {'period': 14, 'buy_threshold': 25, 'sell_threshold': 75}, 'vwap_zone': {'rsi_period': 14, 'rsi_lower': 50, 'rsi_upper': 65}}, 'Meta': {'penalty_factor': 0.0, 'min_holding_period': 0, 'sharpe_ratio_weight': 1.0}}",-0.00013991197920404375,2984.8982809013505,20,combo,BTC/USD
"['bollinger_bands', 'high_low_breakout', 'macd']",OR,OR,"{'Strategies': {'bollinger_bands': {'period': 14, 'std_dev': 3}, 'high_low_breakout': {'lookback': 48}, 'macd': {'fast_period': 12, 'slow_period': 26, 'signal_period': 9}}, 'Meta': {'penalty_factor': 0.0, 'min_holding_period': 0, 'sharpe_ratio_weight': 1.0}}",0.00033495714887976646,1708.1886965563504,704,combo,BTC/USD
"['moving_average_crossover', 'macd']",AND,AND,"{'Strategies': {'moving_average_crossover': {'short_window': 5, 'long_window': 200}, 'macd': {'fast_period': 12, 'slow_period': 26, 'signal_period': 12}}, 'Meta': {'penalty_factor': 0.0, 'min_holding_period': 10, 'sharpe_ratio_weight': 0.0}}",3.6453590393066406,46453.58924378322,360,combo,BTC/USD
"['moving_average_crossover', 'macd']",OR,OR,"{'Strategies': {'moving_average_crossover': {'short_window': 5, 'long_window': 100}, 'macd': {'fast_period': 20, 'slow_period': 50, 'signal_period': 12}}, 'Meta': {'penalty_factor': 0.0, 'min_holding_period': 0, 'sharpe_ratio_weight': 0.0}}",1.271928071975708,22719.28086575298,1195,combo,BTC/USD
"['rsi', 'bollinger_bands']",AND,AND,"{'Strategies': {'rsi': {'period': 7, 'buy_threshold': 35, 'sell_threshold': 65}, 'bollinger_bands': {'period': 20, 'std_dev': 2}}, 'Meta': {'penalty_factor': 0.0, 'min_holding_period': 0, 'sharpe_ratio_weight': 1.0}}",-0.0005203727050684392,1202.5714470025798,812,combo,BTC/USD
"['rsi', 'bollinger_bands']",OR,OR,"{'Strategies': {'rsi': {'period': 14, 'buy_threshold': 35, 'sell_threshold': 75}, 'bollinger_bands': {'period': 20, 'std_dev': 2}}, 'Meta': {'penalty_factor': 0.0, 'min_holding_period': 0, 'sharpe_ratio_weight': 1.0}}",-0.00025800970615819097,1246.8303912920715,851,combo,BTC/USD
"['macd', 'zscore_mean_reversion']",AND,AND,"{'Strategies': {'macd': {'fast_period': 20, 'slow_period': 50, 'signal_period': 12}, 'zscore_mean_reversion': {'zscore_window': 20, 'zscore_threshold': 2}}, 'Meta': {'penalty_factor': 0.0, 'min_holding_period': 5, 'sharpe_ratio_weight': 0.0}}",0.03046765737235546,10304.676571298183,427,combo,BTC/USD
"['macd', 'zscore_mean_reversion']",OR,OR,"{'Strategies': {'macd': {'fast_period': 12, 'slow_period': 26, 'signal_period': 12}, 'zscore_mean_reversion': {'zscore_window': 14, 'zscore_threshold': 3}}, 'Meta': {'penalty_factor': 0.0, 'min_holding_period': 0, 'sharpe_ratio_weight': 1.0}}",0.004960034508258104,3841.842743978329,1213,combo,BTC/USD
"['rsi', 'macd', 'volume_price_action']",AND,AND,"{'Strategies': {'rsi': {'period': 7, 'buy_threshold': 25, 'sell_threshold': 75}, 'macd': {'fast_period': 20, 'slow_period': 26, 'signal_period': 12}, 'volume_price_action': {'volume_multiplier': 1.5}}, 'Meta': {'penalty_factor': 0.0, 'min_holding_period': 10, 'sharpe_ratio_weight': 0.0}}",1.5459011793136597,25459.01184250074,345,combo,BTC/USD
"['zscore_mean_reversion', 'bollinger_bands', 'rsi']",AND,OR,"{'Strategies': {'zscore_mean_reversion': {'zscore_window': 20, 'zscore_threshold': 2}, 'bollinger_bands': {'period': 20, 'std_dev': 2}, 'rsi': {'period': 14, 'buy_threshold': 35, 'sell_threshold': 75}}, 'Meta': {'penalty_factor': 0.0, 'min_holding_period': 0, 'sharpe_ratio_weight': 1.0}}",-0.00025800970615819097,1246.8303912920715,851,combo,BTC/USD
"['high_low_breakout', 'vwap_zone', 'moving_average_crossover']",OR,AND,"{'Strategies': {'high_low_breakout': {'lookback': 48}, 'vwap_zone': {'rsi_period': 14, 'rsi_lower': 50, 'rsi_upper': 55}, 'moving_average_crossover': {'short_window': 10, 'long_window': 100}}, 'Meta': {'penalty_factor': 0.0, 'min_holding_period': 0, 'sharpe_ratio_weight': 0.0}}",5.137292861938477,61372.93062244543,374,combo,BTC/USD
['moving_average_crossover'],,,"{'strategy_params': {'short_window': 5, 'long_window': 400}, 'meta_params': {'penalty_factor': 0.0, 'min_holding_period': 10, 'sharpe_ratio_weight': 0.0}}",37.7450215083683,387450.215083683,214,single,ETH/USD
['rsi'],,,"{'strategy_params': {'period': 7, 'buy_threshold': 30, 'sell_threshold': 65}, 'meta_params': {'penalty_factor': 0.0, 'min_holding_period': 0, 'sharpe_ratio_weight': 1.0}}",-0.004109463914390315,30.558409474770677,2479,single,ETH/USD
['bollinger_bands'],,,"{'strategy_params': {'period': 20, 'std_dev': 2}, 'meta_params': {'penalty_factor': 0.0, 'min_holding_period': 0, 'sharpe_ratio_weight': 1.0}}",-0.006555482117065336,71.10550842099359,762,single,ETH/USD
['macd'],,,"{'strategy_params': {'fast_period': 12, 'slow_period': 26, 'signal_period': 12}, 'meta_params': {'penalty_factor': 0.0, 'min_holding_period': 0, 'sharpe_ratio_weight': 0.0}}",1.0332031565596314,20332.031565596313,2363,single,ETH/USD
['high_low_breakout'],,,"{'strategy_params': {'lookback': 48}, 'meta_params': {'penalty_factor': 0.0, 'min_holding_period': 5, 'sharpe_ratio_weight': 0.0}}",10.313670813701151,113136.7081370115,430,single,ETH/USD
['volume_price_action'],,,"{'strategy_params': {'volume_multiplier': 2.5}, 'meta_params': {'penalty_factor': 0.0, 'min_holding_period': 0, 'sharpe_ratio_weight': 1.0}}",0.004551186458399218,4611.2718139039025,572,single,ETH/USD
['vwap_zone'],,,"{'strategy_params': {'rsi_period': 14, 'rsi_lower': 45, 'rsi_upper': 60}, 'meta_params': {'penalty_factor': 0.0, 'min_holding_period': 0, 'sharpe_ratio_weight': 1.0}}",-0.004637945411752199,286.2169700825533,63,single,ETH/USD
['zscore_mean_reversion'],,,"{'strategy_params': {'zscore_window': 20, 'zscore_threshold': 2}, 'meta_params': {'penalty_factor': 0.0, 'min_holding_period': 0, 'sharpe_ratio_weight': 1.0}}",-0.006555482117065336,71.10550842099359,762,single,ETH/USD
"['moving_average_crossover', 'rsi']",AND,OR,"{'Strategies': {'moving_average_crossover': {'short_window': 10, 'long_window': 400}, 'rsi': {'period': 7, 'buy_threshold': 30, 'sell_threshold': 70}}, 'Meta': {'penalty_factor': 0.0, 'min_holding_period': 0, 'sharpe_ratio_weight': 1.0}}",0.000585959933232516,556.3472415477701,1264,combo,ETH/USD
"['moving_average_crossover', 'rsi']",OR,AND,"{'Strategies': {'moving_average_crossover': {'short_window': 5, 'long_window': 300}, 'rsi': {'period': 14, 'buy_threshold': 25, 'sell_threshold': 65}}, 'Meta': {'penalty_factor': 0.0, 'min_holding_period': 10, 'sharpe_ratio_weight': 0.0}}",13.554378509521484,145543.78831066575,493,combo,ETH/USD
"['macd', 'bollinger_bands']",AND,OR,"{'Strategies': {'macd': {'fast_period': 12, 'slow_period': 26, 'signal_period': 12}, 'bollinger_bands': {'period': 20, 'std_dev': 2}}, 'Meta': {'penalty_factor': 0.0, 'min_holding_period': 0, 'sharpe_ratio_weight': 1.0}}",0.0009701471426524222,516.2278613406859,1487,combo,ETH/USD
"['macd', 'bollinger_bands']",OR,AND,"{'Strategies': {'macd': {'fast_period': 20, 'slow_period': 50, 'signal_period': 12}, 'bollinger_bands': {'period': 14, 'std_dev': 2}}, 'Meta': {'penalty_factor': 0.0, 'min_holding_period': 10, 'sharpe_ratio_weight': 0.0}}",0.5763154029846191,15763.153797601908,672,combo,ETH/USD
"['rsi', 'zscore_mean_reversion']",AND,AND,"{'Strategies': {'rsi': {'period': 14, 'buy_threshold': 35, 'sell_threshold': 75}, 'zscore_mean_reversion': {'zscore_window': 20, 'zscore_threshold': 2}}, 'Meta': {'penalty_factor': 0.0, 'min_holding_period': 0, 'sharpe_ratio_weight': 1.0}}",-0.005531954113394022,127.56674905036348,545,combo,ETH/USD
"['rsi', 'zscore_mean_reversion']",OR,OR,"{'Strategies': {'rsi': {'period': 14, 'buy_threshold': 35, 'sell_threshold': 75}, 'zscore_mean_reversion': {'zscore_window': 20, 'zscore_threshold': 2.5}}, 'Meta': {'penalty_factor': 0.0, 'min_holding_period': 0, 'sharpe_ratio_weight': 1.0}}",-0.0032298469450324774,272.58217355237457,611,combo,ETH/USD
"['high_low_breakout', 'volume_price_action']",AND,AND,"{'Strategies': {'high_low_breakout': {'lookback': 12}, 'volume_price_action': {'volume_multiplier': 2.5}}, 'Meta': {'penalty_factor': 0.0, 'min_holding_period': 0, 'sharpe_ratio_weight': 0.0}}",6.520074367523193,75200.74405765698,442,combo,ETH/USD
"['high_low_breakout', 'volume_price_action']",OR,OR,"{'Strategies': {'high_low_breakout': {'lookback': 48}, 'volume_price_action': {'volume_multiplier': 2.5}}, 'Meta': {'penalty_factor': 0.0, 'min_holding_period': 0, 'sharpe_ratio_weight': 1.0}}",0.002761413808912039,2552.645485236517,525,combo,ETH/USD
"['vwap_zone', 'rsi']",AND,AND,"{'Strategies': {'vwap_zone': {'rsi_period': 14, 'rsi_lower': 45, 'rsi_upper': 65}, 'rsi': {'period': 14, 'buy_threshold': 25, 'sell_threshold': 65}}, 'Meta': {'penalty_factor': 0.0, 'min_holding_period': 0, 'sharpe_ratio_weight': 1.0}}",-0.0034702946431934834,447.3310134404148,35,combo,ETH/USD
"['vwap_zone', 'rsi']",OR,OR,"{'Strategies': {'vwap_zone': {'rsi_period': 14, 'rsi_lower': 45, 'rsi_upper': 65}, 'rsi': {'period': 7, 'buy_threshold': 35, 'sell_threshold': 70}}, 'Meta': {'penalty_factor': 0.0, 'min_holding_period': 0, 'sharpe_ratio_weight': 1.0}}",-0.005986676551401615,47.30137584625087,1375,combo,ETH/USD
"['moving_average_crossover', 'rsi', 'bollinger_bands']",AND,OR,"{'Strategies': {'moving_average_crossover': {'short_window': 5, 'long_window': 400}, 'rsi': {'period': 14, 'buy_threshold': 35, 'sell_threshold': 75}, 'bollinger_bands': {'period': 20, 'std_dev': 2}}, 'Meta': {'penalty_factor': 0.0, 'min_holding_period': 0, 'sharpe_ratio_weight': 1.0}}",0.0007653781212866306,1168.219481857549,590,combo,ETH/USD
"['macd', 'high_low_breakout', 'volume_price_action']",OR,AND,"{'Strategies': {'macd': {'fast_period': 12, 'slow_period': 26, 'signal_period': 12}, 'high_low_breakout': {'lookback': 48}, 'volume_price_action': {'volume_multiplier': 1.5}}, 'Meta': {'penalty_factor': 0.0, 'min_holding_period': 5, 'sharpe_ratio_weight': 0.0}}",14.150995254516602,151509.95200056225,789,combo,ETH/USD
"['zscore_mean_reversion', 'rsi', 'vwap_zone']",AND,AND,"{'Strategies': {'zscore_mean_reversion': {'zscore_window': 30, 'zscore_threshold': 3}, 'rsi': {'period': 7, 'buy_threshold': 35, 'sell_threshold': 65}, 'vwap_zone': {'rsi_period': 7, 'rsi_lower': 45, 'rsi_upper': 60}}, 'Meta': {'penalty_factor': 0.0, 'min_holding_period': 0, 'sharpe_ratio_weight': 1.0}}",-0.00310697709210217,516.7627106779722,22,combo,ETH/USD
"['bollinger_bands', 'high_low_breakout', 'macd']",OR,OR,"{'Strategies': {'bollinger_bands': {'period': 14, 'std_dev': 3}, 'high_low_breakout': {'lookback': 48}, 'macd': {'fast_period': 12, 'slow_period': 26, 'signal_period': 9}}, 'Meta': {'penalty_factor': 0.0, 'min_holding_period': 0, 'sharpe_ratio_weight': 1.0}}",-0.0042682006023824215,215.69791262954993,478,combo,ETH/USD
"['moving_average_crossover', 'macd']",AND,AND,"{'Strategies': {'moving_average_crossover': {'short_window': 5, 'long_window': 400}, 'macd': {'fast_period': 20, 'slow_period': 50, 'signal_period': 9}}, 'Meta': {'penalty_factor': 0.0, 'min_holding_period': 10, 'sharpe_ratio_weight': 0.0}}",40.32082748413086,413208.2657883969,216,combo,ETH/USD
"['moving_average_crossover', 'macd']",OR,OR,"{'Strategies': {'moving_average_crossover': {'short_window': 10, 'long_window': 300}, 'macd': {'fast_period': 20, 'slow_period': 50, 'signal_period': 12}}, 'Meta': {'penalty_factor': 0.0, 'min_holding_period': 5, 'sharpe_ratio_weight': 0.0}}",1.5114284753799438,25114.28533813586,863,combo,ETH/USD
"['rsi', 'bollinger_bands']",AND,AND,"{'Strategies': {'rsi': {'period': 14, 'buy_threshold': 35, 'sell_threshold': 75}, 'bollinger_bands': {'period': 20, 'std_dev': 2}}, 'Meta': {'penalty_factor': 0.0, 'min_holding_period': 0, 'sharpe_ratio_weight': 1.0}}",-0.005531954113394022,127.56674905036348,545,combo,ETH/USD
"['rsi', 'bollinger_bands']",OR,OR,"{'Strategies': {'rsi': {'period': 14, 'buy_threshold': 35, 'sell_threshold': 75}, 'bollinger_bands': {'period': 20, 'std_dev': 2.5}}, 'Meta': {'penalty_factor': 0.0, 'min_holding_period': 0, 'sharpe_ratio_weight': 1.0}}",-0.0032298469450324774,272.58217355237457,611,combo,ETH/USD
"['macd', 'zscore_mean_reversion']",AND,AND,"{'Strategies': {'macd': {'fast_period': 20, 'slow_period': 50, 'signal_period': 12}, 'zscore_mean_reversion': {'zscore_window': 20, 'zscore_threshold': 2}}, 'Meta': {'penalty_factor': 0.0, 'min_holding_period': 0, 'sharpe_ratio_weight': 1.0}}",0.002099947538226843,2191.025825156609,441,combo,ETH/USD
"['macd', 'zscore_mean_reversion']",OR,OR,"{'Strategies': {'macd': {'fast_period': 12, 'slow_period': 26, 'signal_period': 12}, 'zscore_mean_reversion': {'zscore_window': 20, 'zscore_threshold': 2}}, 'Meta': {'penalty_factor': 0.0, 'min_holding_period': 0, 'sharpe_ratio_weight': 1.0}}",0.0010540641378611326,531.3019392505073,1488,combo,ETH/USD
"['rsi', 'macd', 'volume_price_action']",AND,AND,"{'Strategies': {'rsi': {'period': 14, 'buy_threshold': 35, 'sell_threshold': 70}, 'macd': {'fast_period': 20, 'slow_period': 50, 'signal_period': 12}, 'volume_price_action': {'volume_multiplier': 2.5}}, 'Meta': {'penalty_factor': 0.0, 'min_holding_period': 5, 'sharpe_ratio_weight': 0.0}}",7.311247825622559,83112.47855957279,222,combo,ETH/USD
"['zscore_mean_reversion', 'bollinger_bands', 'rsi']",AND,OR,"{'Strategies': {'zscore_mean_reversion': {'zscore_window': 20, 'zscore_threshold': 2.5}, 'bollinger_bands': {'period': 20, 'std_dev': 2.5}, 'rsi': {'period': 14, 'buy_threshold': 35, 'sell_threshold': 75}}, 'Meta': {'penalty_factor': 0.0, 'min_holding_period': 0, 'sharpe_ratio_weight': 1.0}}",-0.003166105831041932,278.8785629213817,611,combo,ETH/USD
"['high_low_breakout', 'vwap_zone', 'moving_average_crossover']",OR,AND,"{'Strategies': {'high_low_breakout': {'lookback': 12}, 'vwap_zone': {'rsi_period': 14, 'rsi_lower': 45, 'rsi_upper': 55}, 'moving_average_crossover': {'short_window': 10, 'long_window': 400}}, 'Meta': {'penalty_factor': 0.0, 'min_holding_period': 5, 'sharpe_ratio_weight': 0.0}}",3.204033851623535,42040.33947231286,391,combo,ETH/USD
['moving_average_crossover'],,,"{'strategy_params': {'short_window': 5, 'long_window': 400}, 'meta_params': {'penalty_factor': 0.0, 'min_holding_period': 5, 'sharpe_ratio_weight': 0.0}}",4.7883545401110394,57883.545401110394,265,single,LTC/USD
['rsi'],,,"{'strategy_params': {'period': 7, 'buy_threshold': 35, 'sell_threshold': 75}, 'meta_params': {'penalty_factor': 0.0, 'min_holding_period': 0, 'sharpe_ratio_weight': 1.0}}",0.008382806227381499,3204.4001036125555,2184,single,LTC/USD
['bollinger_bands'],,,"{'strategy_params': {'period': 20, 'std_dev': 2}, 'meta_params': {'penalty_factor': 0.0, 'min_holding_period': 0, 'sharpe_ratio_weight': 1.0}}",0.00429563502555601,2429.468510182121,810,single,LTC/USD
['macd'],,,"{'strategy_params': {'fast_period': 20, 'slow_period': 26, 'signal_period': 9}, 'meta_params': {'penalty_factor': 0.0, 'min_holding_period': 0, 'sharpe_ratio_weight': 1.0}}",0.0070444880864827435,1725.6202163411422,2272,single,LTC/USD
['high_low_breakout'],,,"{'strategy_params': {'lookback': 48}, 'meta_params': {'penalty_factor': 0.0, 'min_holding_period': 0, 'sharpe_ratio_weight': 1.0}}",0.006013142957971038,7077.187743477325,437,single,LTC/USD
['volume_price_action'],,,"{'strategy_params': {'volume_multiplier': 2.5}, 'meta_params': {'penalty_factor': 0.0, 'min_holding_period': 0, 'sharpe_ratio_weight': 1.0}}",0.0042826341717167715,2932.4331584890847,628,single,LTC/USD
['vwap_zone'],,,"{'strategy_params': {'rsi_period': 14, 'rsi_lower': 40, 'rsi_upper': 65}, 'meta_params': {'penalty_factor': 0.0, 'min_holding_period': 0, 'sharpe_ratio_weight': 1.0}}",-0.0010614810316024448,587.6317824987068,64,single,LTC/USD
['zscore_mean_reversion'],,,"{'strategy_params': {'zscore_window': 20, 'zscore_threshold': 2}, 'meta_params': {'penalty_factor': 0.0, 'min_holding_period': 0, 'sharpe_ratio_weight': 1.0}}",0.00429563502555601,2429.468510182121,810,single,LTC/USD
"['moving_average_crossover', 'rsi']",AND,OR,"{'Strategies': {'moving_average_crossover': {'short_window': 50, 'long_window': 400}, 'rsi': {'period': 7, 'buy_threshold': 35, 'sell_threshold': 75}}, 'Meta': {'penalty_factor': 0.0, 'min_holding_period': 10, 'sharpe_ratio_weight': 0.0}}",0.3889831304550171,13889.831244054729,777,combo,LTC/USD
"['moving_average_crossover', 'rsi']",OR,AND,"{'Strategies': {'moving_average_crossover': {'short_window': 5, 'long_window': 200}, 'rsi': {'period': 7, 'buy_threshold': 35, 'sell_threshold': 75}}, 'Meta': {'penalty_factor': 0.0, 'min_holding_period': 10, 'sharpe_ratio_weight': 0.0}}",8.025189399719238,90251.89074474972,784,combo,LTC/USD
"['macd', 'bollinger_bands']",AND,OR,"{'Strategies': {'macd': {'fast_period': 20, 'slow_period': 26, 'signal_period': 12}, 'bollinger_bands': {'period': 20, 'std_dev': 2}}, 'Meta': {'penalty_factor': 0.0, 'min_holding_period': 0, 'sharpe_ratio_weight': 1.0}}",0.004162684548646212,1468.5755882789233,1265,combo,LTC/USD
"['macd', 'bollinger_bands']",OR,AND,"{'Strategies': {'macd': {'fast_period': 20, 'slow_period': 26, 'signal_period': 12}, 'bollinger_bands': {'period': 14, 'std_dev': 2.5}}, 'Meta': {'penalty_factor': 0.0, 'min_holding_period': 5, 'sharpe_ratio_weight': 0.0}}",0.22553782165050507,12255.378266770946,875,combo,LTC/USD
"['rsi', 'zscore_mean_reversion']",AND,AND,"{'Strategies': {'rsi': {'period': 7, 'buy_threshold': 35, 'sell_threshold': 75}, 'zscore_mean_reversion': {'zscore_window': 20, 'zscore_threshold': 2}}, 'Meta': {'penalty_factor': 0.0, 'min_holding_period': 0, 'sharpe_ratio_weight': 1.0}}",0.004388827830553055,2584.915405320326,786,combo,LTC/USD
"['rsi', 'zscore_mean_reversion']",OR,OR,"{'Strategies': {'rsi': {'period': 7, 'buy_threshold': 35, 'sell_threshold': 75}, 'zscore_mean_reversion': {'zscore_window': 20, 'zscore_threshold': 2.5}}, 'Meta': {'penalty_factor': 0.0, 'min_holding_period': 0, 'sharpe_ratio_weight': 1.0}}",0.006345443893224001,3186.3374567807914,1367,combo,LTC/USD
"['high_low_breakout', 'volume_price_action']",AND,AND,"{'Strategies': {'high_low_breakout': {'lookback': 48}, 'volume_price_action': {'volume_multiplier': 2.5}}, 'Meta': {'penalty_factor': 0.0, 'min_holding_period': 0, 'sharpe_ratio_weight': 0.0}}",1.4050661325454712,24050.66145202309,284,combo,LTC/USD
"['high_low_breakout', 'volume_price_action']",OR,OR,"{'Strategies': {'high_low_breakout': {'lookback': 48}, 'volume_price_action': {'volume_multiplier': 2.5}}, 'Meta': {'penalty_factor': 0.0, 'min_holding_period': 0, 'sharpe_ratio_weight': 1.0}}",0.002343146363273263,1436.4063250262236,545,combo,LTC/USD
"['vwap_zone', 'rsi']",AND,AND,"{'Strategies': {'vwap_zone': {'rsi_period': 7, 'rsi_lower': 40, 'rsi_upper': 55}, 'rsi': {'period': 14, 'buy_threshold': 25, 'sell_threshold': 65}}, 'Meta': {'penalty_factor': 0.0, 'min_holding_period': 0, 'sharpe_ratio_weight': 1.0}}",-0.00042293340084142983,788.9759338904516,28,combo,LTC/USD
"['vwap_zone', 'rsi']",OR,OR,"{'Strategies': {'vwap_zone': {'rsi_period': 14, 'rsi_lower': 50, 'rsi_upper': 55}, 'rsi': {'period': 7, 'buy_threshold': 35, 'sell_threshold': 70}}, 'Meta': {'penalty_factor': 0.0, 'min_holding_period': 0, 'sharpe_ratio_weight': 1.0}}",0.0019614826887845993,508.10201549751076,1430,combo,LTC/USD
"['moving_average_crossover', 'rsi', 'bollinger_bands']",AND,OR,"{'Strategies': {'moving_average_crossover': {'short_window': 50, 'long_window': 400}, 'rsi': {'period': 7, 'buy_threshold': 25, 'sell_threshold': 65}, 'bollinger_bands': {'period': 20, 'std_dev': 2}}, 'Meta': {'penalty_factor': 0.0, 'min_holding_period': 0, 'sharpe_ratio_weight': 1.0}}",0.00489064259454608,3365.6671925600504,724,combo,LTC/USD
"['macd', 'high_low_breakout', 'volume_price_action']",OR,AND,"{'Strategies': {'macd': {'fast_period': 20, 'slow_period': 26, 'signal_period': 9}, 'high_low_breakout': {'lookback': 48}, 'volume_price_action': {'volume_multiplier': 2.5}}, 'Meta': {'penalty_factor': 0.0, 'min_holding_period': 5, 'sharpe_ratio_weight': 0.0}}",1.5748083591461182,25748.083339224988,648,combo,LTC/USD
"['zscore_mean_reversion', 'rsi', 'vwap_zone']",AND,AND,"{'Strategies': {'zscore_mean_reversion': {'zscore_window': 30, 'zscore_threshold': 3}, 'rsi': {'period': 14, 'buy_threshold': 25, 'sell_threshold': 65}, 'vwap_zone': {'rsi_period': 7, 'rsi_lower': 40, 'rsi_upper': 55}}, 'Meta': {'penalty_factor': 0.0, 'min_holding_period': 0, 'sharpe_ratio_weight': 1.0}}",0.0002160456933779642,1037.9135722535855,19,combo,LTC/USD
"['bollinger_bands', 'high_low_breakout', 'macd']",OR,OR,"{'Strategies': {'bollinger_bands': {'period': 20, 'std_dev': 2}, 'high_low_breakout': {'lookback': 12}, 'macd': {'fast_period': 20, 'slow_period': 50, 'signal_period': 9}}, 'Meta': {'penalty_factor': 0.0, 'min_holding_period': 0, 'sharpe_ratio_weight': 1.0}}",0.001413489691913128,645.2013916676511,973,combo,LTC/USD
"['moving_average_crossover', 'macd']",AND,AND,"{'Strategies': {'moving_average_crossover': {'short_window': 50, 'long_window': 400}, 'macd': {'fast_period': 20, 'slow_period': 50, 'signal_period': 12}}, 'Meta': {'penalty_factor': 0.0, 'min_holding_period': 0, 'sharpe_ratio_weight': 0.0}}",7.969211101531982,89692.1126659668,95,combo,LTC/USD
"['moving_average_crossover', 'macd']",OR,OR,"{'Strategies': {'moving_average_crossover': {'short_window': 10, 'long_window': 200}, 'macd': {'fast_period': 20, 'slow_period': 26, 'signal_period': 12}}, 'Meta': {'penalty_factor': 0.0, 'min_holding_period': 0, 'sharpe_ratio_weight': 1.0}}",0.006508402526378632,4144.762474540091,1179,combo,LTC/USD
"['rsi', 'bollinger_bands']",AND,AND,"{'Strategies': {'rsi': {'period': 7, 'buy_threshold': 35, 'sell_threshold': 75}, 'bollinger_bands': {'period': 20, 'std_dev': 2}}, 'Meta': {'penalty_factor': 0.0, 'min_holding_period': 0, 'sharpe_ratio_weight': 1.0}}",0.004388827830553055,2584.915405320326,786,combo,LTC/USD
"['rsi', 'bollinger_bands']",OR,OR,"{'Strategies': {'rsi': {'period': 7, 'buy_threshold': 35, 'sell_threshold': 75}, 'bollinger_bands': {'period': 20, 'std_dev': 2.5}}, 'Meta': {'penalty_factor': 0.0, 'min_holding_period': 0, 'sharpe_ratio_weight': 1.0}}",0.006345443893224001,3186.3374567807914,1367,combo,LTC/USD
"['macd', 'zscore_mean_reversion']",AND,AND,"{'Strategies': {'macd': {'fast_period': 20, 'slow_period': 26, 'signal_period': 12}, 'zscore_mean_reversion': {'zscore_window': 14, 'zscore_threshold': 2.5}}, 'Meta': {'penalty_factor': 0.0, 'min_holding_period': 0, 'sharpe_ratio_weight': 0.0}}",1.6015602350234985,26015.602372847028,343,combo,LTC/USD
"['macd', 'zscore_mean_reversion']",OR,OR,"{'Strategies': {'macd': {'fast_period': 12, 'slow_period': 26, 'signal_period': 12}, 'zscore_mean_reversion': {'zscore_window': 30, 'zscore_threshold': 2}}, 'Meta': {'penalty_factor': 0.0, 'min_holding_period': 0, 'sharpe_ratio_weight': 1.0}}",0.004565233364701271,1504.1550400575563,1405,combo,LTC/USD
"['rsi', 'macd', 'volume_price_action']",AND,AND,"{'Strategies': {'rsi': {'period': 7, 'buy_threshold': 35, 'sell_threshold': 75}, 'macd': {'fast_period': 20, 'slow_period': 50, 'signal_period': 12}, 'volume_price_action': {'volume_multiplier': 2.5}}, 'Meta': {'penalty_factor': 0.0, 'min_holding_period': 5, 'sharpe_ratio_weight': 0.0}}",10.244572639465332,112445.72180713492,241,combo,LTC/USD
"['zscore_mean_reversion', 'bollinger_bands', 'rsi']",AND,OR,"{'Strategies': {'zscore_mean_reversion': {'zscore_window': 20, 'zscore_threshold': 2.5}, 'bollinger_bands': {'period': 20, 'std_dev': 2.5}, 'rsi': {'period': 7, 'buy_threshold': 35, 'sell_threshold': 75}}, 'Meta': {'penalty_factor': 0.0, 'min_holding_period': 0, 'sharpe_ratio_weight': 1.0}}",0.006381473504006863,3233.1678126582965,1367,combo,LTC/USD
"['high_low_breakout', 'vwap_zone', 'moving_average_crossover']",OR,AND,"{'Strategies': {'high_low_breakout': {'lookback': 48}, 'vwap_zone': {'rsi_period': 14, 'rsi_lower': 50, 'rsi_upper': 65}, 'moving_average_crossover': {'short_window': 20, 'long_window': 100}}, 'Meta': {'penalty_factor': 0.0, 'min_holding_period': 10, 'sharpe_ratio_weight': 0.0}}",0.38938626646995544,13893.862628178476,197,combo,LTC/USD
['moving_average_crossover'],,,"{'strategy_params': {'short_window': 50, 'long_window': 300}, 'meta_params': {'penalty_factor': 0.0, 'min_holding_period': 10, 'sharpe_ratio_weight': 0.0}}",8.88644436298013,98864.4436298013,148,single,XRP/USD
['rsi'],,,"{'strategy_params': {'period': 7, 'buy_threshold': 35, 'sell_threshold': 65}, 'meta_params': {'penalty_factor': 0.0, 'min_holding_period': 0, 'sharpe_ratio_weight': 1.0}}",0.001976537700098754,83.8335299692848,2869,single,XRP/USD
['bollinger_bands'],,,"{'strategy_params': {'period': 20, 'std_dev': 3}, 'meta_params': {'penalty_factor': 0.0, 'min_holding_period': 0, 'sharpe_ratio_weight': 1.0}}",-0.00046476730585255497,415.88333294274076,204,single,XRP/USD
['macd'],,,"{'strategy_params': {'fast_period': 20, 'slow_period': 50, 'signal_period': 9}, 'meta_params': {'penalty_factor': 0.0, 'min_holding_period': 10, 'sharpe_ratio_weight': 0.0}}",31.55978984408833,325597.89844088326,1302,single,XRP/USD
['high_low_breakout'],,,"{'strategy_params': {'lookback': 48}, 'meta_params': {'penalty_factor': 0.0, 'min_holding_period': 0, 'sharpe_ratio_weight': 1.0}}",0.006815227214917259,8041.366646564186,431,single,XRP/USD
['volume_price_action'],,,"{'strategy_params': {'volume_multiplier': 2.5}, 'meta_params': {'penalty_factor': 0.0, 'min_holding_period': 0, 'sharpe_ratio_weight': 1.0}}",0.0039041551809284617,2276.7534969108397,433,single,XRP/USD
['vwap_zone'],,,"{'strategy_params': {'rsi_period': 14, 'rsi_lower': 40, 'rsi_upper': 55}, 'meta_params': {'penalty_factor': 0.0, 'min_holding_period': 0, 'sharpe_ratio_weight': 1.0}}",0.0026304564483438475,1853.898826492247,71,single,XRP/USD
['zscore_mean_reversion'],,,"{'strategy_params': {'zscore_window': 20, 'zscore_threshold': 3}, 'meta_params': {'penalty_factor': 0.0, 'min_holding_period': 0, 'sharpe_ratio_weight': 1.0}}",-0.00046476730585255497,415.88333294274076,204,single,XRP/USD
"['moving_average_crossover', 'rsi']",AND,OR,"{'Strategies': {'moving_average_crossover': {'short_window': 5, 'long_window': 400}, 'rsi': {'period': 7, 'buy_threshold': 35, 'sell_threshold': 65}}, 'Meta': {'penalty_factor': 0.0, 'min_holding_period': 0, 'sharpe_ratio_weight': 1.0}}",0.004556204658001661,1128.8064744682586,1400,combo,XRP/USD
"['moving_average_crossover', 'rsi']",OR,AND,"{'Strategies': {'moving_average_crossover': {'short_window': 10, 'long_window': 50}, 'rsi': {'period': 14, 'buy_threshold': 25, 'sell_threshold': 75}}, 'Meta': {'penalty_factor': 0.0, 'min_holding_period': 10, 'sharpe_ratio_weight': 0.0}}",16.34815788269043,173481.56983663558,479,combo,XRP/USD
"['macd', 'bollinger_bands']",AND,OR,"{'Strategies': {'macd': {'fast_period': 20, 'slow_period': 26, 'signal_period': 9}, 'bollinger_bands': {'period': 14, 'std_dev': 2}}, 'Meta': {'penalty_factor': 0.0, 'min_holding_period': 0, 'sharpe_ratio_weight': 1.0}}",0.007249612361192703,3721.4250211781423,1399,combo,XRP/USD
"['macd', 'bollinger_bands']",OR,AND,"{'Strategies': {'macd': {'fast_period': 20, 'slow_period': 50, 'signal_period': 12}, 'bollinger_bands': {'period': 14, 'std_dev': 2.5}}, 'Meta': {'penalty_factor': 0.0, 'min_holding_period': 5, 'sharpe_ratio_weight': 0.0}}",5.713155269622803,67131.55066253371,826,combo,XRP/USD
"['rsi', 'zscore_mean_reversion']",AND,AND,"{'Strategies': {'rsi': {'period': 14, 'buy_threshold': 25, 'sell_threshold': 70}, 'zscore_mean_reversion': {'zscore_window': 14, 'zscore_threshold': 2.5}}, 'Meta': {'penalty_factor': 0.0, 'min_holding_period': 0, 'sharpe_ratio_weight': 1.0}}",0.002647984307259321,1405.7457258058475,357,combo,XRP/USD
"['rsi', 'zscore_mean_reversion']",OR,OR,"{'Strategies': {'rsi': {'period': 7, 'buy_threshold': 35, 'sell_threshold': 70}, 'zscore_mean_reversion': {'zscore_window': 14, 'zscore_threshold': 2.5}}, 'Meta': {'penalty_factor': 0.0, 'min_holding_period': 0, 'sharpe_ratio_weight': 1.0}}",0.0038528868462890387,811.7798289693065,1431,combo,XRP/USD
"['high_low_breakout', 'volume_price_action']",AND,AND,"{'Strategies': {'high_low_breakout': {'lookback': 48}, 'volume_price_action': {'volume_multiplier': 2.0}}, 'Meta': {'penalty_factor': 0.0, 'min_holding_period': 0, 'sharpe_ratio_weight': 0.0}}",6.798643589019775,77986.43715005375,311,combo,XRP/USD
"['high_low_breakout', 'volume_price_action']",OR,OR,"{'Strategies': {'high_low_breakout': {'lookback': 12}, 'volume_price_action': {'volume_multiplier': 2.5}}, 'Meta': {'penalty_factor': 0.0, 'min_holding_period': 0, 'sharpe_ratio_weight': 1.0}}",0.0007230420014820993,246.061814877229,1231,combo,XRP/USD
"['vwap_zone', 'rsi']",AND,AND,"{'Strategies': {'vwap_zone': {'rsi_period': 14, 'rsi_lower': 40, 'rsi_upper': 55}, 'rsi': {'period': 7, 'buy_threshold': 25, 'sell_threshold': 65}}, 'Meta': {'penalty_factor': 0.0, 'min_holding_period': 0, 'sharpe_ratio_weight': 1.0}}",0.004618024453520775,4604.850333182859,44,combo,XRP/USD
"['vwap_zone', 'rsi']",OR,OR,"{'Strategies': {'vwap_zone': {'rsi_period': 14, 'rsi_lower': 40, 'rsi_upper': 60}, 'rsi': {'period': 7, 'buy_threshold': 35, 'sell_threshold': 70}}, 'Meta': {'penalty_factor': 0.0, 'min_holding_period': 0, 'sharpe_ratio_weight': 1.0}}",0.001699894550256431,267.6836158028882,1583,combo,XRP/USD
"['moving_average_crossover', 'rsi', 'bollinger_bands']",AND,OR,"{'Strategies': {'moving_average_crossover': {'short_window': 5, 'long_window': 400}, 'rsi': {'period': 7, 'buy_threshold': 35, 'sell_threshold': 75}, 'bollinger_bands': {'period': 20, 'std_dev': 2.5}}, 'Meta': {'penalty_factor': 0.0, 'min_holding_period': 0, 'sharpe_ratio_weight': 1.0}}",0.0008507554302923381,536.7625504944331,502,combo,XRP/USD
"['macd', 'high_low_breakout', 'volume_price_action']",OR,AND,"{'Strategies': {'macd': {'fast_period': 12, 'slow_period': 26, 'signal_period': 12}, 'high_low_breakout': {'lookback': 48}, 'volume_price_action': {'volume_multiplier': 2.5}}, 'Meta': {'penalty_factor': 0.0, 'min_holding_period': 10, 'sharpe_ratio_weight': 0.0}}",99.6119384765625,1006119.3539130327,511,combo,XRP/USD
"['zscore_mean_reversion', 'rsi', 'vwap_zone']",AND,AND,"{'Strategies': {'zscore_mean_reversion': {'zscore_window': 14, 'zscore_threshold': 2.5}, 'rsi': {'period': 7, 'buy_threshold': 25, 'sell_threshold': 65}, 'vwap_zone': {'rsi_period': 14, 'rsi_lower': 40, 'rsi_upper': 65}}, 'Meta': {'penalty_factor': 0.0, 'min_holding_period': 0, 'sharpe_ratio_weight': 1.0}}",0.005809866823256016,7780.408005824355,42,combo,XRP/USD
"['bollinger_bands', 'high_low_breakout', 'macd']",OR,OR,"{'Strategies': {'bollinger_bands': {'period': 14, 'std_dev': 2}, 'high_low_breakout': {'lookback': 12}, 'macd': {'fast_period': 12, 'slow_period': 26, 'signal_period': 12}}, 'Meta': {'penalty_factor': 0.0, 'min_holding_period': 0, 'sharpe_ratio_weight': 1.0}}",-0.0006574384169653058,191.59984684289262,862,combo,XRP/USD
"['moving_average_crossover', 'macd']",AND,AND,"{'Strategies': {'moving_average_crossover': {'short_window': 5, 'long_window': 400}, 'macd': {'fast_period': 20, 'slow_period': 50, 'signal_period': 12}}, 'Meta': {'penalty_factor': 0.0, 'min_holding_period': 5, 'sharpe_ratio_weight': 0.0}}",11.70212173461914,127021.21447580212,262,combo,XRP/USD
"['moving_average_crossover', 'macd']",OR,OR,"{'Strategies': {'moving_average_crossover': {'short_window': 50, 'long_window': 200}, 'macd': {'fast_period': 20, 'slow_period': 50, 'signal_period': 12}}, 'Meta': {'penalty_factor': 0.0, 'min_holding_period': 10, 'sharpe_ratio_weight': 0.0}}",18.476245880126953,194762.4567185684,607,combo,XRP/USD
"['rsi', 'bollinger_bands']",AND,AND,"{'Strategies': {'rsi': {'period': 14, 'buy_threshold': 25, 'sell_threshold': 70}, 'bollinger_bands': {'period': 14, 'std_dev': 2.5}}, 'Meta': {'penalty_factor': 0.0, 'min_holding_period': 0, 'sharpe_ratio_weight': 1.0}}",0.002647984307259321,1405.7457258058475,357,combo,XRP/USD
"['rsi', 'bollinger_bands']",OR,OR,"{'Strategies': {'rsi': {'period': 7, 'buy_threshold': 35, 'sell_threshold': 70}, 'bollinger_bands': {'period': 14, 'std_dev': 2.5}}, 'Meta': {'penalty_factor': 0.0, 'min_holding_period': 0, 'sharpe_ratio_weight': 1.0}}",0.0038528868462890387,811.7798289693065,1431,combo,XRP/USD
"['macd', 'zscore_mean_reversion']",AND,AND,"{'Strategies': {'macd': {'fast_period': 20, 'slow_period': 50, 'signal_period': 9}, 'zscore_mean_reversion': {'zscore_window': 20, 'zscore_threshold': 3}}, 'Meta': {'penalty_factor': 0.0, 'min_holding_period': 0, 'sharpe_ratio_weight': 1.0}}",0.00032485462725162506,588.9824694822228,194,combo,XRP/USD
"['macd', 'zscore_mean_reversion']",OR,OR,"{'Strategies': {'macd': {'fast_period': 20, 'slow_period': 50, 'signal_period': 9}, 'zscore_mean_reversion': {'zscore_window': 30, 'zscore_threshold': 2}}, 'Meta': {'penalty_factor': 0.0, 'min_holding_period': 0, 'sharpe_ratio_weight': 1.0}}",0.007637095637619495,5439.323392375817,1192,combo,XRP/USD
"['rsi', 'macd', 'volume_price_action']",AND,AND,"{'Strategies': {'rsi': {'period': 7, 'buy_threshold': 35, 'sell_threshold': 70}, 'macd': {'fast_period': 20, 'slow_period': 26, 'signal_period': 12}, 'volume_price_action': {'volume_multiplier': 1.5}}, 'Meta': {'penalty_factor': 0.0, 'min_holding_period': 0, 'sharpe_ratio_weight': 1.0}}",0.006483363453298807,7545.222439440378,369,combo,XRP/USD
"['zscore_mean_reversion', 'bollinger_bands', 'rsi']",AND,OR,"{'Strategies': {'zscore_mean_reversion': {'zscore_window': 14, 'zscore_threshold': 2.5}, 'bollinger_bands': {'period': 20, 'std_dev': 2.5}, 'rsi': {'period': 7, 'buy_threshold': 35, 'sell_threshold': 75}}, 'Meta': {'penalty_factor': 0.0, 'min_holding_period': 0, 'sharpe_ratio_weight': 1.0}}",0.00520862964913249,2085.768752202798,1089,combo,XRP/USD
"['high_low_breakout', 'vwap_zone', 'moving_average_crossover']",OR,AND,"{'Strategies': {'high_low_breakout': {'lookback': 12}, 'vwap_zone': {'rsi_period': 14, 'rsi_lower': 40, 'rsi_upper': 55}, 'moving_average_crossover': {'short_window': 5, 'long_window': 50}}, 'Meta': {'penalty_factor': 0.0, 'min_holding_period': 10, 'sharpe_ratio_weight': 0.0}}",8.358977317810059,93589.76984919656,452,combo,XRP/USD
